PUBID,REGION,CENDIV,PUBCLIM,SQFT,WKHRS,NWKER,NGUSED,FKUSED,PRUSED,SOUSED,NGHT1,NGGENR,PCTERM,WBOARDS,FLUOR,OCSN,DIM,MFEXP
465,4,9,7,57000,60,100,1,0,0,0,0,0,1,0,1,1,0,148671
4786,3,6,7,102000,50,20,1,0,0,0,0,0,1,1,1,1,0,168762
6194,3,6,7,62000,60,20,1,0,0,0,1,1,1,1,1,1,0,84356
76,1,2,7,335000,112,162,0,1,0,0,0,0,1,1,1,1,0,433898
89,4,9,7,45000,75,30,0,0,0,0,0,0,1,0,1,1,0,33090
160,1,1,7,11250,60,16,1,1,0,0,1,0,1,0,0,1,1,26998
175,3,5,7,82000,60,300,0,0,0,0,0,0,1,0,1,1,1,131869
185,1,1,7,138000,45,40,1,1,0,0,1,0,1,1,1,1,1,211316
206,3,5,7,58000,81,25,1,0,0,1,1,0,1,0,1,0,0,208649
320,4,8,7,225000,120,100,1,0,0,0,0,0,1,0,1,1,0,220846
405,2,3,7,69000,80,10,0,0,0,0,0,0,1,0,1,0,0,108583
412,2,3,7,21000,60,30,1,0,0,0,0,0,1,0,1,1,1,49032
433,4,8,7,87000,112,50,1,0,0,0,0,0,1,1,1,1,1,82316
540,3,7,7,8000,70,2,1,0,0,0,1,0,1,0,0,1,0,12777
619,3,7,7,108000,80,300,0,0,0,0,0,0,1,0,0,1,0,318061
885,4,8,7,130000,80,62,1,1,0,0,0,0,1,0,1,1,0,134441
889,1,2,7,160000,168,125,1,0,0,0,1,0,1,1,1,0,0,568658
907,2,3,7,66000,119,18,0,0,0,0,0,0,1,0,1,1,0,120516
934,4,8,7,168000,104,51,1,1,0,0,0,0,1,0,1,1,0,343503
950,3,5,7,250000,85,300,1,1,0,0,1,0,1,1,1,1,0,335703
959,3,5,7,60000,105,7,1,1,0,0,1,0,1,0,1,1,0,67930
1020,1,2,7,415000,95,300,1,1,0,0,0,0,1,1,1,0,0,774810
1057,1,2,7,40000,70,20,1,0,0,0,0,1,1,1,1,1,0,37681
1077,1,2,7,215000,120,300,1,0,0,0,1,1,1,1,1,1,0,651267
1108,4,9,7,5100,50,6,0,0,0,0,0,0,1,0,1,1,0,2843
1152,4,9,7,200001,120,100,0,1,0,0,0,0,1,1,1,1,0,234570
1165,3,5,7,5000,40,2,1,0,0,0,0,0,1,0,1,0,0,3696
1182,4,8,7,310000,100,120,0,0,0,1,0,0,1,1,1,0,0,427073
1443,2,4,7,40000,48,8,1,0,0,0,1,0,1,0,1,0,0,48378
1452,2,3,7,500001,85,450,1,0,0,1,1,0,1,1,1,1,1,694774
1467,3,7,7,110000,70,25,1,0,0,0,0,0,1,1,1,1,1,154380
1507,4,9,7,134000,112,100,0,0,0,0,0,0,1,1,0,1,0,113065
1524,1,2,7,138000,105,30,1,0,0,0,1,1,1,0,1,1,0,137292
1543,3,5,7,260000,83,85,1,0,0,0,0,0,1,0,1,1,1,383661
1545,3,5,7,98000,168,28,1,0,0,0,0,0,1,0,1,0,0,184069
1680,1,2,7,200001,140,45,1,0,0,0,1,1,1,1,1,1,1,307153
1692,3,6,7,600000,112,300,1,1,0,0,1,0,1,1,0,1,1,588822
1738,2,4,7,63000,60,18,1,0,0,0,1,1,0,1,1,1,0,106522
1830,3,5,7,320000,120,140,1,0,0,0,1,0,1,1,1,1,0,465247
1865,3,5,7,122000,50,50,1,0,0,0,0,0,1,0,1,1,1,99107
1961,2,4,7,188000,95,40,1,0,0,1,1,1,1,1,0,0,0,225446
1969,1,2,7,220000,77,90,0,1,0,0,0,0,1,1,1,1,0,370111
2007,4,9,7,305000,60,250,0,0,0,0,0,0,1,0,1,0,0,707950
2009,2,3,7,124000,70,20,0,0,0,0,0,0,1,0,1,1,0,138242
2028,2,4,7,200001,50,108,1,0,0,0,1,0,1,0,1,1,1,181955
2056,3,7,7,134000,55,100,1,0,0,0,0,1,1,0,0,1,0,108224
2068,3,5,7,21000,68,10,0,1,0,0,0,0,1,0,1,1,1,67574
2074,3,7,7,106000,70,50,0,0,0,0,0,0,1,0,0,1,0,222573
2175,1,2,7,126000,86,70,1,0,0,0,0,1,1,1,1,1,0,97879
2250,3,5,7,55000,100,60,1,0,0,0,0,0,1,1,1,1,0,100659
2262,4,8,7,230000,104,70,1,1,0,0,0,0,1,0,1,1,0,339099
2271,2,3,7,196000,126,100,1,0,0,0,0,1,1,1,0,0,0,272908
2289,3,5,7,245000,80,200,0,1,0,0,0,0,1,0,1,1,0,324471
2318,1,1,7,12500,50,40,0,0,1,0,0,0,1,1,0,1,0,11806
2492,1,2,7,455000,100,100,1,1,0,0,0,0,1,1,1,0,0,797347
2529,1,2,7,210000,105,60,1,0,0,0,1,1,1,1,1,1,0,186423
2559,3,5,7,51000,45,6,1,0,0,0,1,0,1,1,1,0,0,47244
2661,3,5,7,340000,101,200,1,0,0,0,1,1,1,1,1,1,1,694531
2665,3,5,7,96000,60,65,1,0,0,0,0,1,1,1,0,1,0,136010
2757,3,7,7,40000,80,20,1,0,1,0,0,0,1,1,1,1,0,66632
2770,1,2,3,100000,84,65,0,1,0,0,0,0,1,1,1,1,0,86730
2871,4,8,7,68000,50,100,0,1,0,0,0,0,1,0,1,0,0,97127
2888,4,9,7,300000,104,200,0,0,0,0,0,0,1,0,1,1,0,726531
2896,4,8,7,320000,120,100,1,0,0,0,0,0,1,0,1,1,0,368361
2942,2,4,7,30000,80,30,1,0,0,0,1,0,1,1,1,1,0,33823
2948,1,2,7,166000,126,100,1,1,0,0,1,1,1,0,1,1,0,297455
2987,3,7,7,57000,70,20,0,0,0,0,0,0,1,0,0,1,0,157630
3017,3,6,7,61000,80,60,1,1,0,0,0,0,1,0,1,1,1,91417
3038,4,8,7,700000,126,100,0,0,0,0,0,0,1,0,1,1,0,713907
3061,3,7,7,270000,168,200,1,0,0,0,0,0,1,1,1,1,0,320422
3069,4,9,7,5001,55,17,0,0,0,0,0,0,1,0,1,0,0,14423
3104,4,8,7,255000,108,100,1,0,0,0,0,0,1,0,1,1,0,195783
3295,1,2,7,600000,88,300,1,1,0,0,1,0,1,1,1,1,0,708030
3329,2,3,7,104000,84,110,1,0,0,0,1,1,1,0,0,1,1,124741
3332,3,5,7,52000,60,50,0,0,0,0,0,0,1,1,1,1,1,77240
3466,1,2,7,102000,98,25,0,0,0,0,0,0,1,1,0,1,0,183025
3553,1,2,7,156000,60,200,1,0,0,0,1,1,1,1,1,0,0,622439
3593,4,9,7,25000,60,19,1,0,0,1,1,0,1,0,1,1,0,47968
3612,4,8,7,270000,120,100,1,0,0,0,0,0,1,1,0,1,0,461463
3634,3,5,7,102000,168,70,1,1,0,0,1,0,1,0,1,1,1,245846
3638,1,2,7,320000,114,155,0,0,0,0,0,0,1,1,1,1,0,805234
3892,2,4,7,89000,96,100,1,0,0,0,0,0,1,0,1,1,0,127720
3974,3,7,7,35500,83,13,1,0,0,0,0,0,1,1,1,1,1,46364
4346,4,8,7,31000,168,5,0,0,0,0,0,0,1,0,1,0,0,55897
4410,4,9,7,46000,75,44,0,0,0,0,0,0,1,0,1,1,0,45876
4444,3,5,4,108000,50,80,0,0,0,0,0,0,1,1,0,0,0,82758
4448,4,9,7,350000,96,200,1,1,0,0,1,0,1,1,1,1,1,540663
4455,3,5,7,132000,168,100,1,0,0,0,1,0,1,1,1,1,0,235969
4477,2,3,7,355000,61,375,0,0,0,0,0,0,1,0,1,1,0,407299
4487,3,5,7,215000,80,140,1,0,0,0,0,0,1,0,1,1,1,190153
4499,3,5,7,95000,72,53,0,0,0,0,0,0,1,0,1,0,0,184563
4522,3,7,7,23250,50,10,1,0,0,0,1,0,0,0,1,0,0,15549
4536,3,6,7,118000,90,125,1,1,0,0,0,0,1,0,0,1,0,196277
4560,3,5,7,1600,30,2,0,0,0,0,0,0,0,0,0,1,0,1819
4597,1,1,7,148000,112,76,1,1,0,0,1,0,1,0,1,1,0,445660
4602,4,9,7,88000,90,44,0,1,0,0,0,0,1,0,1,1,1,83794
4610,1,2,7,230000,84,125,1,1,0,1,0,0,1,1,0,1,1,229054
4638,3,7,7,73000,70,10,0,0,0,0,0,0,1,0,0,1,0,199469
4647,3,7,7,45000,90,15,1,1,0,0,0,0,1,1,1,1,1,102463
4665,4,8,7,255000,102,250,1,1,0,0,0,0,1,0,0,1,0,361922
4752,1,2,7,78000,85,60,0,1,0,0,0,0,1,1,1,1,0,42384
4787,3,5,7,104000,75,60,1,0,0,0,0,0,1,0,1,1,1,423274
4840,3,5,7,104000,168,50,1,0,0,0,1,0,1,1,1,1,0,201214
4873,4,9,7,2900,60,3,1,0,0,0,0,0,1,0,1,0,0,4045
5007,1,2,7,146000,84,45,1,1,0,0,1,0,1,1,1,1,0,279690
5013,3,5,7,60000,168,175,1,0,0,0,0,0,1,0,1,0,0,136789
5027,2,3,7,55000,144,28,1,0,0,0,0,1,1,1,1,1,1,94422
5054,3,5,7,295000,40,100,1,0,0,0,0,0,1,1,0,1,0,405300
5107,1,2,7,700000,84,1500,1,1,0,0,1,0,1,0,1,1,0,507223
5163,3,7,7,15000,52,30,1,0,0,0,0,0,1,0,1,0,0,8466
5224,3,7,7,10000,60,5,0,0,0,0,0,0,1,0,1,1,0,7710
5284,1,1,7,19000,80,25,0,0,0,0,0,0,1,0,1,1,0,53728
5296,2,4,7,178000,98,100,1,0,0,0,0,0,1,1,1,1,0,261416
5297,3,5,7,215000,168,150,1,0,0,0,1,0,1,1,1,1,1,1504487
5376,1,2,7,485000,73,100,0,1,0,0,0,0,1,1,1,1,1,717950
5439,3,6,7,220000,130,125,1,1,0,0,1,0,1,1,1,1,0,625651
5445,2,3,7,45500,84,53,1,0,0,0,1,0,1,0,0,1,1,64226
5525,1,2,7,305000,80,110,1,0,0,0,0,1,1,1,1,1,0,447602
5526,1,2,7,420000,78,250,0,1,0,0,0,0,1,1,1,1,0,798297
5534,3,5,7,255000,80,100,1,0,0,0,0,1,1,0,1,1,1,642451
5598,1,2,7,900000,168,1117,1,1,0,0,0,0,1,1,1,1,1,2869798
5606,1,1,7,345000,120,500,1,1,0,0,0,0,1,0,1,1,1,1645163
5675,1,2,7,39000,75,25,1,0,0,0,1,0,1,0,1,1,0,85221
5694,4,8,7,500000,126,200,1,0,0,0,0,0,1,0,1,1,1,602969
5721,1,2,7,1500000,105,1300,1,1,0,1,0,0,1,1,1,1,0,3549879
5912,4,8,7,66000,40,5,1,0,0,0,0,0,1,0,1,0,0,100911
5964,2,3,7,600000,80,525,1,0,0,0,0,0,1,0,1,1,1,651523
5998,3,6,7,250000,168,145,0,1,0,0,0,0,1,1,1,1,1,723848
6072,2,4,7,27500,65,12,1,0,0,0,1,0,1,1,1,1,0,31237
6103,3,7,7,15500,70,15,1,0,0,0,1,0,0,0,0,1,0,16249
6131,2,4,7,23000,40,8,1,0,0,0,1,0,1,0,0,0,0,27666
6191,2,3,7,240000,168,700,1,0,0,0,0,1,1,1,1,1,0,618362
6192,1,2,7,1500000,78,1500,1,1,0,0,1,1,1,1,1,1,0,1336732
6255,3,6,7,31000,64,5,1,0,0,0,1,0,1,0,1,0,0,36299
6436,1,2,7,188000,80,200,0,1,0,0,0,0,1,1,1,1,0,209692
670,4,9,1,8000,35,3,0,0,1,0,0,0,1,0,0,0,0,11847
1076,3,5,3,108000,80,70,1,1,0,1,1,0,1,1,1,1,0,121511
1574,3,7,5,128000,55,110,1,0,0,0,1,1,1,1,0,0,0,146478
2220,4,8,5,200001,80,60,1,0,0,0,1,1,1,1,1,1,0,248274
2503,3,7,5,20000,60,35,0,0,0,0,0,0,1,0,1,0,0,18230
2588,2,4,2,86000,68,40,1,0,0,0,0,0,1,0,0,1,0,132319
2646,4,8,4,148000,60,125,1,0,0,0,0,0,1,0,1,1,0,69219
2932,4,8,5,18000,65,50,0,0,0,0,0,0,1,1,0,1,0,90121
3153,1,2,2,210000,100,60,1,1,0,0,1,0,1,1,1,1,0,228835
3426,3,5,4,104000,50,76,1,0,0,0,1,0,1,1,1,0,0,110838
3584,4,8,5,3600,35,2,0,0,0,0,0,0,0,1,1,1,0,3166
3845,3,5,3,400000,80,177,0,0,0,1,0,0,1,1,1,1,0,573250
4007,2,3,2,500000,60,150,1,1,0,0,1,0,1,1,1,0,1,342777
4296,4,9,4,2900,30,5,1,0,0,0,1,0,1,0,0,0,0,4904
4914,2,3,2,600000,60,300,1,0,0,1,0,1,1,0,0,1,0,618341
4930,2,4,2,240000,88,147,1,0,0,0,0,0,0,0,1,1,0,234556
5245,3,7,5,455000,60,200,0,0,1,0,0,0,1,1,1,1,0,1524541
5249,4,9,4,2150,35,4,1,0,0,0,1,0,1,0,0,1,0,3498
5993,4,9,1,49000,60,45,0,0,1,0,0,0,1,0,0,1,0,23934
10,1,2,2,220000,80,80,1,0,0,0,1,0,1,1,1,1,0,260970
14,3,7,4,8000,35,3,0,0,0,0,0,0,0,0,1,0,0,6795
17,3,5,4,51000,60,48,1,0,0,0,0,1,1,1,0,1,1,55630
39,3,7,3,50000,45,45,1,0,0,0,0,0,1,1,0,0,0,33674
45,1,2,3,500001,80,400,1,1,0,1,0,0,1,1,1,0,0,661646
53,3,7,3,220000,50,244,1,1,0,0,0,0,1,1,1,1,0,151718
79,4,8,2,1001,45,1,0,0,0,0,0,0,1,0,0,1,1,669
93,4,9,4,65000,40,50,1,0,0,1,1,0,1,1,1,1,0,39442
100,4,8,2,52000,45,45,1,0,0,0,0,0,1,1,0,1,1,41220
170,1,2,3,270000,40,85,1,1,0,0,1,0,1,1,1,0,0,144594
194,3,7,4,27500,50,30,0,0,1,0,0,0,1,1,1,0,0,16107
217,1,2,3,35500,35,16,0,0,0,1,0,0,1,1,1,0,0,44270
223,2,3,2,118000,100,100,1,0,0,0,1,0,1,1,1,0,0,80859
261,1,2,2,138000,40,25,1,0,0,0,1,0,1,1,1,1,1,225420
271,3,7,3,5001,53,12,1,0,0,0,1,0,1,0,1,0,0,10255
295,1,2,3,150000,122,80,1,1,0,0,1,0,1,1,1,1,0,205321
296,2,4,3,130000,40,60,1,0,0,0,1,0,1,1,1,1,0,155654
297,1,2,2,280000,40,220,1,0,0,0,1,0,1,1,1,1,0,174793
298,1,1,2,59000,80,90,0,0,1,0,0,0,1,1,1,1,0,43860
308,1,2,3,82000,50,94,1,0,0,0,1,0,1,1,1,0,0,137468
350,3,6,4,7500,50,7,1,0,0,0,1,0,1,1,1,0,0,9167
363,4,9,2,2700,40,3,0,1,0,0,0,0,1,0,1,0,0,12451
383,3,6,3,182000,65,75,0,0,1,0,0,0,1,1,1,0,0,156105
402,2,3,1,270000,96,200,1,0,0,0,1,0,1,1,1,1,0,171289
408,4,9,4,24500,35,8,1,0,0,0,1,0,1,1,1,0,0,10981
425,4,8,5,3600,60,3,1,0,0,0,1,0,1,0,1,0,0,3120
430,3,7,5,110000,10,155,1,0,0,0,1,0,1,1,1,0,0,29664
511,2,3,1,152000,60,110,1,0,0,0,1,1,1,1,1,1,1,183868
565,2,3,2,62000,55,27,1,0,0,0,1,0,1,1,1,1,0,36088
645,1,2,2,74000,40,32,1,0,0,0,1,0,1,1,1,1,0,63775
725,3,7,7,31000,60,10,1,0,0,0,1,1,1,1,0,0,0,15357
730,4,9,4,154000,60,120,1,0,0,1,0,0,1,1,0,1,1,790383
739,1,2,2,365000,60,140,0,1,0,0,0,0,1,1,1,1,0,746497
792,3,5,3,24500,40,9,1,0,0,0,1,0,1,1,1,0,0,43064
805,3,5,3,150000,50,80,1,0,0,1,1,0,1,0,1,1,0,143183
821,3,5,5,112000,80,80,0,0,0,0,0,0,1,1,1,1,0,97084
837,3,7,5,800000,50,300,1,0,0,0,0,0,1,1,1,1,0,416408
845,1,2,1,300000,95,205,1,1,0,0,1,0,1,0,1,1,0,421545
892,1,2,1,110000,50,100,1,0,0,0,1,1,1,1,1,0,0,189199
901,3,6,4,108000,68,84,1,0,0,0,0,0,1,1,1,1,0,158276
939,4,8,5,280000,60,200,1,0,0,1,0,0,1,1,1,1,0,238888
951,1,2,2,250000,45,175,1,0,0,0,1,0,1,1,1,1,0,419154
1021,2,3,3,93000,60,55,1,0,0,0,1,0,1,1,1,0,0,121040
1026,3,6,4,150000,40,35,1,0,0,0,1,0,1,0,0,1,0,107497
1069,2,3,1,85000,40,37,1,0,0,0,1,0,1,0,0,1,0,31867
1104,2,3,2,154000,70,100,1,1,0,0,1,0,1,1,1,1,0,142008
1266,1,1,2,285000,92,90,0,1,1,0,0,0,1,1,1,1,1,1592904
1294,3,7,5,98000,45,100,1,0,0,0,1,0,1,1,1,1,1,59462
1296,4,9,1,39000,9,48,1,0,0,0,1,0,1,1,1,1,0,65878
1303,1,1,2,15000,60,2,1,0,0,1,0,0,0,0,1,1,0,23266
1352,4,9,4,1200,25,4,0,0,0,1,0,0,1,0,0,1,1,2682
1380,3,7,5,15000,68,17,1,0,0,0,1,0,1,1,1,0,0,19766
1381,1,2,3,128000,40,60,0,1,1,0,0,0,1,0,1,0,0,121124
1405,3,7,5,25000,50,19,0,0,0,0,0,0,1,0,1,0,0,16058
1473,1,1,2,65000,50,100,1,0,0,1,1,0,1,1,1,1,0,79813
1496,4,9,4,20000,45,16,1,0,0,0,1,0,1,0,0,1,0,65552
1515,2,3,2,134000,39,80,1,0,0,0,1,0,1,1,1,1,1,122104
1566,3,7,5,13000,10,24,0,0,0,0,0,0,1,1,1,1,1,14421
1586,4,8,5,73000,40,12,0,1,0,0,0,0,1,0,0,1,0,69449
1626,1,2,3,315000,70,150,1,1,0,0,0,0,1,1,1,1,1,189604
1659,4,9,3,6200,40,5,1,0,0,0,1,0,1,0,1,1,0,11968
1681,3,5,5,69000,40,40,0,0,0,0,0,0,0,1,1,1,0,39137
1686,4,9,4,35500,45,15,1,0,0,0,1,0,1,1,1,1,0,43987
1704,2,3,3,96000,45,44,0,0,1,0,0,0,1,1,1,1,0,55698
1716,4,9,4,35500,70,15,1,0,0,1,1,0,1,1,0,0,0,45434
1742,4,9,3,156000,45,75,1,1,0,0,1,0,1,0,1,1,0,126534
1790,4,8,2,57000,45,105,1,1,0,0,1,0,1,1,1,1,1,96000
1814,3,5,3,60000,60,70,1,0,0,0,0,0,1,1,1,1,0,103153
1841,3,6,4,260000,50,125,1,0,0,0,0,0,1,1,1,1,0,307058
1842,3,7,4,205000,50,119,1,0,0,0,1,0,1,1,1,1,0,159841
1866,1,2,3,95000,40,60,0,0,1,0,0,0,1,1,1,1,0,93827
1888,4,9,4,19750,50,20,1,0,0,0,0,0,1,0,1,1,0,34455
1897,3,7,3,94000,50,52,1,0,0,0,0,0,1,1,1,1,1,63468
1927,1,1,1,116000,40,65,0,1,1,0,0,0,1,1,0,1,0,79467
1957,4,9,4,15000,50,15,1,0,0,0,1,0,1,0,1,1,0,14367
1981,4,8,2,240000,70,130,1,1,0,0,1,0,1,1,1,1,1,227390
1987,2,3,1,210000,30,25,1,0,0,0,1,0,1,1,1,1,0,80793
2013,2,3,3,172000,60,60,1,0,0,0,1,1,1,1,1,0,1,177388
2021,3,5,3,106000,55,142,1,0,0,0,1,1,1,1,1,0,0,130265
2027,1,2,3,88000,60,120,1,1,0,0,0,0,1,1,0,1,0,81969
2029,3,7,5,425000,45,246,1,0,0,0,1,0,1,0,1,1,0,336108
2035,4,9,2,425000,65,100,1,0,0,0,1,1,1,0,1,0,0,347265
2105,2,3,2,400000,88,200,1,0,0,1,1,0,1,1,0,1,0,330589
2109,3,6,4,102000,60,60,1,0,0,0,1,0,1,1,1,1,0,258085
2120,4,8,2,74000,56,8,1,1,0,0,1,0,0,0,1,1,0,108552
2140,1,1,1,180000,86,125,0,1,1,0,0,0,1,0,0,1,0,262847
2141,3,6,4,99000,45,40,1,0,0,0,1,0,1,1,1,0,0,74136
2167,2,3,2,310000,43,135,1,0,0,0,0,0,1,1,0,1,1,277621
2172,1,2,2,130000,45,50,1,0,0,0,1,1,1,1,1,0,0,112613
2179,1,2,2,128000,45,50,1,0,0,0,1,1,1,1,0,1,0,64674
2194,3,5,4,39000,45,15,0,0,1,0,0,0,1,1,1,0,0,56791
2223,2,3,2,73000,50,100,1,0,0,0,1,1,1,1,1,0,0,51264
2227,2,3,1,168000,45,55,1,0,0,0,1,1,1,1,1,1,1,162628
2246,3,7,5,78000,45,25,1,0,0,0,1,0,1,1,1,0,0,69066
2247,2,3,2,198000,39,90,1,1,0,0,1,0,1,1,1,1,0,192133
2255,3,6,4,142000,45,75,1,1,0,0,1,0,1,1,0,1,0,191920
2258,4,8,5,300000,60,175,1,1,0,1,0,0,1,1,1,1,1,264968
2308,4,8,2,37500,42,90,1,1,1,0,1,0,1,0,1,0,0,84674
2387,3,5,5,186000,70,100,0,0,1,0,0,0,1,1,1,1,0,202342
2389,3,5,5,150000,55,70,1,0,0,0,1,0,1,1,1,1,0,158167
2407,3,5,5,134000,38,250,0,0,1,0,0,0,1,1,1,1,0,61515
2423,4,9,1,78000,65,50,0,1,0,0,0,0,1,1,1,1,0,86604
2448,4,9,5,3600,37,4,1,0,0,0,1,0,1,0,1,1,0,6649
2495,3,5,3,152000,60,100,1,1,0,0,1,0,1,1,1,0,0,430612
2530,3,7,5,16500,70,31,0,0,0,0,0,0,1,1,0,0,0,14215
2591,3,6,4,108000,60,51,1,0,0,0,1,0,1,1,1,0,0,151764
2623,2,3,2,130000,45,45,0,1,0,0,0,0,1,1,1,1,0,118963
2655,3,7,5,600000,75,100,1,0,0,0,1,0,1,1,1,1,1,667168
2669,2,3,2,205000,50,200,1,0,0,0,1,0,1,0,0,1,0,129447
2697,4,8,2,240000,90,145,1,0,0,0,1,0,1,1,1,1,1,404645
2703,2,3,3,50000,65,25,0,1,0,0,0,0,1,1,1,0,0,91645
2713,3,5,5,415000,80,100,1,1,0,0,0,0,1,1,1,0,0,683496
2718,3,6,4,24500,45,9,1,1,0,0,1,0,1,1,1,0,0,14959
2739,1,2,2,220000,60,300,1,1,0,0,1,0,1,1,1,0,0,356473
2742,3,5,5,41500,45,11,0,0,1,0,0,0,1,0,1,0,0,22594
2794,3,7,5,360000,60,300,1,1,0,0,1,0,1,1,1,1,0,284660
2806,2,3,3,420000,84,200,1,0,0,0,1,0,1,1,1,1,0,365542
2816,1,1,2,20000,40,7,1,0,0,0,1,0,1,1,1,1,0,16296
2840,3,7,4,94000,70,80,1,0,0,0,1,1,1,1,0,0,0,54644
2855,4,8,3,28000,40,25,1,0,0,0,1,0,1,1,1,1,0,29136
2863,3,7,5,1500,40,2,0,0,0,0,0,0,0,0,1,0,0,2014
2883,2,3,2,77000,70,70,1,0,1,0,1,0,1,1,1,1,0,93346
2903,3,6,3,265000,40,125,1,0,1,0,0,0,1,0,1,0,0,433856
2916,3,7,5,400000,60,125,1,1,0,0,1,0,1,1,1,0,0,296385
2934,3,7,4,59000,50,60,1,0,0,0,1,0,1,1,0,1,0,26462
2935,3,7,5,63000,45,100,1,0,0,0,1,0,1,1,1,0,0,42395
2974,2,4,2,140000,40,60,1,0,0,0,1,0,1,1,1,1,0,82096
3005,3,5,4,70000,60,100,1,0,0,0,1,0,1,1,0,0,0,175494
3015,2,4,2,305000,40,300,1,0,0,0,1,0,1,0,1,1,1,364712
3047,1,2,2,500001,60,300,1,0,0,0,1,0,1,1,1,1,0,543696
3054,2,3,3,68000,40,35,0,1,1,0,0,0,1,1,1,0,0,72453
3055,4,9,4,52000,40,45,1,0,0,1,0,0,1,1,0,1,1,76478
3119,1,2,2,220000,60,130,1,0,0,0,1,1,1,1,1,0,0,181105
3138,3,5,3,130000,60,125,1,0,0,0,1,0,1,1,1,0,0,200112
3152,2,3,2,480000,18,125,1,0,0,0,1,0,1,1,1,1,0,433828
3180,1,2,2,310000,75,225,1,1,0,0,1,0,1,1,1,1,0,172759
3199,3,6,4,84000,40,10,1,0,0,0,1,0,1,1,1,1,0,88776
3203,1,1,2,225000,100,200,1,0,0,0,1,1,1,0,0,0,0,247066
3292,1,2,2,220000,100,120,1,0,0,0,1,1,1,1,1,1,0,302055
3381,3,5,3,140000,60,90,1,0,0,0,1,1,1,1,1,1,0,216229
3420,3,7,5,250000,50,315,1,0,0,0,1,0,1,0,1,1,1,330310
3436,1,2,2,168000,45,115,1,1,0,0,1,0,1,1,1,0,0,165880
3439,4,9,4,52000,60,45,1,0,0,0,1,0,1,0,0,1,0,153658
3486,4,9,4,100000,68,40,1,0,0,1,1,0,1,1,1,1,1,104960
3527,2,3,3,126000,80,50,1,0,0,0,1,0,1,1,1,0,0,107184
3556,4,9,1,25000,40,30,1,0,0,0,1,0,1,1,1,0,0,26032
3573,3,7,5,53000,45,40,1,0,0,0,0,0,1,1,1,0,0,61011
3581,4,9,3,92000,70,45,1,0,0,0,1,0,1,1,1,1,0,87561
3693,3,7,5,100000,40,45,1,0,0,0,0,0,1,0,1,1,0,224055
3800,1,1,2,215000,80,135,0,1,1,0,0,0,1,1,0,1,1,354542
3837,4,9,4,1200,40,2,0,0,0,0,0,0,1,0,1,1,0,765
3839,3,5,3,100000,40,30,0,1,0,0,0,0,1,1,1,1,0,80160
3859,4,8,5,152000,60,100,0,0,0,0,0,0,1,1,1,1,1,242571
3870,2,4,3,150000,45,45,0,1,1,0,0,0,1,1,1,1,0,166501
3932,3,7,5,15000,55,15,0,0,0,0,0,0,1,0,1,0,0,14408
3962,2,4,2,100000,55,50,1,0,0,0,1,0,1,1,0,1,0,60220
3970,2,3,3,116000,45,45,0,0,1,1,0,0,1,1,1,1,0,97482
4017,3,6,4,19750,40,30,1,0,0,0,1,0,1,0,1,0,0,17426
4045,3,5,5,7200,10,1,0,0,0,0,0,0,1,0,1,0,0,9643
4057,4,9,4,87000,50,50,1,0,0,0,1,0,1,0,1,1,0,197732
4058,4,9,3,194000,50,40,1,0,0,0,1,0,1,1,1,1,0,328030
4068,1,2,3,40500,55,50,1,0,0,0,1,0,1,1,1,1,0,39487
4076,3,6,4,380000,80,175,1,1,0,0,0,0,1,1,1,1,0,264912
4128,4,8,2,85000,56,100,1,1,0,0,1,0,1,1,0,1,1,108489
4130,2,3,3,116000,55,80,1,0,0,0,0,0,1,1,1,1,0,103681
4135,1,2,3,480000,45,350,1,1,0,1,1,0,1,1,1,1,0,558257
4142,4,9,4,41000,45,40,1,0,0,0,1,0,1,1,1,0,0,39140
4147,2,4,2,110000,45,35,1,0,0,0,1,0,1,1,1,0,0,103140
4165,4,8,5,142000,45,150,1,0,0,0,1,1,1,1,1,0,0,284063
4196,4,9,4,3600,40,2,0,0,0,0,0,0,1,0,1,0,0,5220
4198,3,5,5,6000,70,30,0,0,0,0,0,0,0,0,1,0,0,11330
4227,1,1,2,180000,35,60,1,0,0,0,1,0,1,1,1,1,0,157508
4229,3,7,3,365000,67,138,1,0,0,0,0,1,1,1,1,1,0,297097
4266,3,6,4,100000,45,40,1,0,0,0,1,0,1,1,1,0,0,144075
4325,2,3,2,235000,43,200,1,0,0,0,0,0,1,1,0,0,0,230863
4326,2,4,3,81000,50,40,0,0,1,0,0,0,1,1,1,1,0,38123
4351,3,5,3,63000,60,53,1,0,0,0,1,1,1,1,1,0,0,68141
4451,4,9,4,7200,35,4,1,0,0,0,1,0,1,0,0,1,0,4851
4459,1,2,3,168000,78,100,1,1,0,0,1,0,1,1,0,1,0,132495
4496,2,3,2,118000,50,50,1,0,0,0,1,0,1,1,1,1,0,85686
4501,1,2,2,210000,40,124,0,1,0,0,0,0,1,1,1,0,0,129922
4517,4,9,4,1500,50,6,1,0,0,0,0,0,1,0,0,1,0,1655
4531,3,6,4,45000,45,20,1,0,0,0,1,0,1,1,1,0,0,38436
4539,3,7,5,182000,75,75,0,0,0,0,0,0,1,1,1,0,0,241901
4579,2,4,2,17250,50,2,0,0,1,0,0,0,1,1,1,1,0,13029
4612,3,6,4,75000,35,80,1,0,0,0,1,0,1,1,1,0,0,73721
4639,3,5,3,94000,60,70,1,0,0,0,1,0,1,1,1,1,0,126412
4658,4,8,1,2100,33,6,0,0,0,0,0,0,0,1,1,0,0,1042
4662,3,7,5,230000,60,100,1,0,0,0,1,0,1,1,1,1,0,284271
4675,2,3,3,79000,45,11,1,0,0,0,1,1,1,1,1,1,0,69755
4689,2,3,3,150000,60,125,1,1,0,0,1,1,1,0,1,1,0,204020
4700,2,3,2,31000,45,13,1,0,0,0,1,0,1,1,1,0,0,27803
4712,3,7,5,400000,66,118,1,0,0,0,1,0,1,0,1,0,0,487540
4755,4,9,4,68000,40,60,0,0,0,0,0,0,1,0,0,1,0,85110
4767,2,3,2,260000,65,50,1,0,0,0,1,1,1,0,1,1,0,207004
4894,1,2,3,250000,101,120,1,0,0,0,1,0,1,1,1,1,0,419121
4896,3,5,5,380000,50,200,0,1,0,0,0,0,1,1,1,0,0,495302
4919,2,3,1,91000,60,80,1,1,0,0,1,0,1,1,1,1,0,52060
4923,3,6,3,164000,80,350,1,0,0,0,0,0,1,1,1,1,0,274341
4929,3,5,4,280000,60,120,1,0,0,0,0,0,1,1,1,0,0,267854
4948,2,3,2,98000,85,70,1,0,0,0,1,0,1,0,1,0,0,108764
4978,3,5,4,10500,40,12,0,0,0,0,0,0,1,0,0,0,0,18884
4980,3,5,5,67000,45,75,0,0,0,0,0,0,1,0,1,0,0,92798
4985,3,5,5,16500,75,35,1,0,1,0,0,0,1,0,1,0,0,24847
5009,4,9,1,68000,50,75,0,0,0,0,0,0,1,1,1,1,0,65767
5023,3,7,5,144000,68,40,1,0,0,0,0,0,1,1,1,0,0,147485
5042,2,3,3,30000,40,45,0,0,0,0,0,0,1,1,1,0,0,37923
5092,1,1,1,7200,35,4,0,0,0,0,0,0,0,0,1,0,0,18206
5103,1,2,3,186000,50,500,1,1,0,0,0,0,1,1,1,1,0,133109
5122,3,5,4,182000,75,84,0,1,1,0,0,0,1,1,1,1,1,208532
5137,4,9,4,1900,35,2,0,0,0,0,0,0,1,0,1,0,0,3706
5160,4,9,4,48000,40,55,1,0,0,0,0,0,1,0,1,1,0,71025
5166,2,4,2,51000,40,35,1,0,0,0,0,0,1,0,1,0,0,65168
5201,4,9,4,48000,40,50,1,0,0,0,1,0,1,0,0,1,0,195568
5229,3,6,4,45500,40,57,1,0,0,0,1,0,1,1,1,0,0,56383
5231,3,6,4,215000,55,150,1,0,0,0,1,0,1,1,1,1,0,236031
5259,3,7,5,178000,45,200,0,0,0,0,0,0,1,1,0,1,1,133959
5260,3,7,5,350000,50,200,1,0,0,0,1,0,1,0,1,1,0,343925
5261,1,2,2,114000,40,80,0,1,0,0,0,0,1,1,1,0,0,79681
5267,4,9,4,19750,60,4,1,0,0,1,1,0,1,0,1,1,1,52365
5286,4,9,1,25000,45,18,0,0,1,0,0,0,1,0,0,1,0,14219
5293,3,6,4,150000,40,40,1,0,0,0,1,0,1,1,1,0,0,121335
5310,4,9,4,3850,40,6,0,0,0,0,0,0,1,1,1,1,0,10496
5314,4,8,5,500000,80,200,1,1,0,0,1,0,1,1,0,1,0,237592
5316,3,7,5,240000,55,700,1,0,0,0,1,0,1,0,1,0,0,286137
5334,3,5,4,92000,45,25,0,0,0,0,0,0,1,1,1,0,0,95433
5359,4,9,4,6700,40,7,1,0,0,0,1,0,1,0,1,1,0,3675
5378,3,7,5,205000,58,110,1,0,0,0,1,0,1,1,1,1,1,178862
5417,1,2,3,265000,76,300,1,1,0,1,0,0,1,1,1,1,0,353953
5442,2,3,3,85000,45,44,1,0,0,0,1,1,1,1,1,1,0,179443
5462,3,7,3,130000,50,85,1,0,0,0,1,0,1,1,1,0,0,106441
5475,3,5,5,200001,68,60,1,0,0,0,0,0,1,1,0,0,0,184695
5545,2,4,2,280000,60,150,1,1,0,0,0,0,1,0,1,1,1,277310
5571,4,9,4,12750,40,23,1,0,0,0,1,0,1,0,1,1,0,8959
5614,2,3,2,106000,70,65,1,0,0,0,1,0,0,1,1,1,0,90979
5628,4,9,5,25000,60,10,0,0,0,0,0,0,1,0,1,0,0,24259
5631,3,7,4,69000,35,45,1,1,0,0,0,0,1,1,1,1,0,68594
5632,2,3,1,140000,60,40,1,0,0,0,1,1,1,1,1,1,1,198910
5820,4,8,2,100000,45,50,1,0,0,0,0,1,1,1,0,1,1,81233
5840,4,8,5,77000,45,70,1,0,0,1,0,0,1,1,1,0,0,43051
5852,3,7,3,66000,65,60,1,0,0,0,1,1,1,1,1,0,0,65388
5858,4,9,3,8800,40,3,0,0,1,0,0,0,1,0,1,0,0,5716
5862,2,3,2,485000,107,110,1,0,0,0,1,0,1,1,1,1,0,830480
5882,2,4,2,410000,85,100,1,0,0,0,1,1,1,0,0,1,0,223646
5915,4,9,4,54000,55,50,1,0,0,0,1,0,1,1,0,1,0,67821
6005,3,7,3,57000,45,62,1,0,0,0,1,0,1,1,1,0,0,41745
6008,3,7,5,8800,60,4,0,0,0,0,0,0,1,0,0,0,0,14160
6046,4,9,4,1900,60,6,0,0,0,0,0,0,1,1,0,1,0,5892
6051,3,7,5,65000,56,80,0,1,0,0,0,0,1,1,1,1,0,78967
6063,1,1,2,8000,60,3,0,0,0,0,0,0,0,0,1,1,1,11981
6080,2,4,1,215000,90,80,1,1,0,1,1,0,1,1,1,1,0,192203
6093,3,7,3,94000,40,70,1,0,0,0,1,0,1,1,1,1,0,47777
6187,1,2,3,30000,50,55,1,0,0,1,1,0,1,0,0,0,0,52107
6249,2,3,3,225000,72,90,1,1,1,0,1,0,1,0,1,1,1,160515
6280,2,3,3,81000,54,49,1,0,0,0,1,0,1,1,0,1,0,88475
6304,3,5,4,41500,40,65,1,0,0,0,0,0,1,1,1,0,0,46798
6306,3,7,5,45500,60,43,0,0,0,0,0,0,0,0,1,0,0,38743
6349,4,9,4,130000,45,65,1,0,0,1,0,0,1,1,1,1,0,80287
6354,1,1,1,80000,72,80,0,1,1,0,0,0,1,1,0,1,1,111774
6375,2,4,2,27000,50,28,1,0,0,0,1,0,1,1,1,0,0,25440
6405,3,5,3,390000,72,172,1,1,0,1,0,0,1,1,1,1,0,333484
331,3,6,4,31000,78,12,0,0,0,0,0,0,1,0,1,0,0,40005
439,2,4,1,140000,66,60,1,0,0,0,1,0,1,0,1,1,1,148900
694,2,4,1,190000,70,75,1,1,0,0,1,0,1,1,1,0,0,146135
1003,1,2,1,28000,45,25,1,0,0,0,1,0,1,1,1,0,0,40877
2445,2,3,2,205000,50,100,1,0,0,0,1,1,1,1,1,1,0,232278
3642,1,2,2,250000,12,135,1,1,0,0,0,0,1,1,0,1,1,409364
4144,2,3,2,3500,60,6,0,0,1,0,0,0,1,0,0,0,0,1674
4798,3,7,4,62000,40,20,1,0,0,0,1,0,1,1,1,1,1,50941
5977,1,1,2,144000,55,22,0,1,1,0,0,0,1,0,1,0,0,75113
358,2,3,1,152000,80,50,1,0,0,0,1,0,1,0,0,0,0,105716
4670,4,9,4,50000,55,20,1,0,0,0,1,0,1,0,0,1,0,113618
6272,4,9,3,102000,72,20,1,0,0,0,0,0,1,0,1,1,1,119741
1285,3,7,4,50000,40,4,1,0,0,0,1,0,1,0,1,0,0,14557
435,4,9,3,76000,65,70,1,0,0,1,1,0,1,0,1,0,0,34453
493,3,6,4,20750,50,13,1,0,0,0,1,0,1,0,1,0,0,30688
666,3,7,4,35500,45,15,1,0,0,0,1,0,1,1,0,0,0,26209
720,4,9,1,4000,10,5,0,0,0,0,0,0,1,0,1,0,0,1022
1629,4,9,2,6700,32,7,0,0,0,0,0,0,1,0,1,0,0,2799
1711,2,3,1,41500,60,15,1,0,0,0,1,0,1,0,1,1,0,21035
1879,3,5,7,92000,100,150,0,0,0,0,0,0,1,1,1,1,0,87138
2211,3,5,3,500000,58,125,1,0,0,0,1,1,1,0,1,0,0,485916
2266,1,2,3,60000,99,80,1,0,0,0,1,1,1,1,1,0,0,79146
2313,2,3,2,2900,12,6,1,0,0,0,1,0,0,0,0,0,0,4911
4026,3,5,4,8500,75,15,0,0,0,0,0,0,1,1,1,1,0,17808
4056,2,4,3,30000,60,4,1,0,0,0,1,0,1,0,1,0,0,28888
4392,3,7,4,8800,48,8,0,0,0,0,0,0,1,0,1,0,0,20438
4655,1,2,2,34000,40,30,1,0,0,0,1,0,1,1,1,0,0,25584
4769,2,4,3,15000,80,20,1,0,0,0,1,0,1,0,1,0,0,10128
4839,4,8,4,7500,4,5,1,0,0,0,1,0,0,0,1,0,0,3133
5550,2,3,2,39500,50,38,1,0,0,0,1,0,1,1,1,0,0,42084
5887,2,3,2,150000,60,100,1,0,0,0,1,0,1,1,1,0,0,142039
6015,3,5,4,53000,105,125,1,0,0,0,1,0,1,1,1,1,1,128651
6085,1,2,2,21000,64,13,0,1,1,0,0,0,1,0,1,0,0,12344
220,3,6,4,8800,84,30,0,0,1,0,0,0,1,1,1,0,0,25799
1166,4,8,1,12000,15,27,1,0,0,0,1,0,1,0,1,0,0,29090
4953,4,9,7,275000,75,100,1,1,0,0,0,0,1,1,1,1,1,465024
3512,2,4,1,30000,60,30,0,0,1,0,0,0,1,1,1,0,0,52129
1848,2,3,3,18250,45,15,0,0,0,0,0,0,1,0,1,0,0,29622
1892,1,2,2,225000,93,200,1,0,0,1,1,0,1,0,1,1,0,220121
2200,2,3,2,110000,8,50,1,0,1,0,1,0,1,1,0,0,0,68672
2384,1,2,2,140000,60,50,1,0,0,0,1,1,1,1,0,1,0,139604
4107,3,5,5,270000,112,200,0,0,1,0,0,0,1,1,1,1,1,103255
4141,4,9,2,31000,48,19,1,0,0,0,1,0,0,0,1,1,0,50059
4171,1,2,3,170000,86,100,1,0,0,0,1,1,1,1,1,1,1,186824
6248,1,2,3,7300,45,17,0,1,0,0,0,0,1,0,1,0,0,11659
6,3,5,3,94000,60,112,1,0,0,0,1,1,1,1,1,0,0,92723
7,4,8,5,41000,50,43,0,0,0,0,0,0,1,1,1,0,0,41661
85,1,2,3,285000,80,200,1,0,0,0,1,0,1,1,1,1,0,404304
88,1,2,3,320000,78,300,1,0,0,0,1,0,1,1,1,1,0,336310
95,4,8,3,19750,55,30,1,0,0,0,1,0,1,0,1,0,0,16900
119,4,8,3,1200,35,5,0,0,0,0,0,0,1,0,1,0,0,1598
138,3,6,4,69000,40,20,1,0,0,0,1,0,1,1,1,1,0,55435
144,1,1,2,310000,50,200,1,0,0,1,1,1,1,1,0,1,0,513791
156,1,1,1,58000,45,80,0,1,1,0,0,0,1,1,1,0,0,90908
177,3,7,5,260000,44,60,1,1,0,0,1,0,1,1,1,1,0,87249
189,4,8,2,50001,45,55,1,0,0,0,1,0,1,1,1,1,1,70929
193,1,2,3,128000,60,117,1,0,0,1,1,1,1,1,1,0,0,198931
210,2,4,1,30000,55,20,1,0,0,0,1,0,1,1,1,0,0,27199
219,2,3,3,77000,68,50,0,1,0,0,0,0,1,1,1,1,0,122665
231,4,8,4,51000,55,50,1,0,0,0,1,0,1,1,1,1,1,25612
234,2,4,1,39000,80,15,0,0,1,0,0,0,1,1,1,0,0,33523
252,1,2,2,106000,55,114,1,0,0,0,1,1,1,1,1,1,0,124751
263,3,7,5,81000,55,50,1,0,0,0,1,0,1,1,1,1,0,103897
265,3,5,3,460000,126,130,1,1,0,0,1,0,0,1,1,0,0,576378
266,4,9,4,49000,50,45,1,0,0,0,1,0,0,0,1,0,0,262312
282,2,3,1,390000,50,130,1,0,0,1,1,0,1,1,1,1,0,176246
286,2,3,2,75000,60,75,1,0,0,0,1,0,1,1,1,1,0,71245
294,4,8,2,240000,60,100,1,0,0,1,1,0,1,1,1,1,0,158783
310,1,2,3,164000,55,250,1,0,0,0,1,0,1,1,1,0,0,271255
318,2,3,2,450000,96,172,1,1,0,0,1,0,1,1,1,1,1,415106
328,2,3,2,156000,50,120,1,0,0,0,1,1,1,1,0,1,0,85841
348,2,3,2,90000,90,65,1,0,0,0,1,0,1,1,1,1,0,108631
368,3,7,4,280000,40,135,1,0,0,0,1,0,1,1,1,1,1,222237
369,4,8,2,49000,60,45,1,0,0,0,1,0,1,0,0,0,0,40646
380,3,5,3,63000,47,65,1,0,0,0,1,0,1,1,1,1,0,94113
396,1,2,1,108000,40,50,1,1,1,0,1,0,1,1,0,1,0,77378
411,2,3,2,67000,60,60,1,0,0,1,1,0,1,1,1,1,0,46880
440,2,3,2,63000,50,32,1,0,0,0,1,0,1,1,1,0,0,59953
444,4,8,2,65000,45,26,1,0,0,0,1,0,1,1,1,0,0,65843
448,3,5,4,54000,45,38,0,0,0,0,0,0,1,1,1,1,0,55624
453,1,2,3,67000,40,38,1,0,0,0,1,0,1,1,1,0,1,87169
458,2,3,2,67000,42,60,1,0,0,0,1,1,1,1,1,1,1,52358
464,2,3,2,215000,50,200,1,0,0,0,1,0,1,1,1,1,1,288569
470,3,5,3,126000,35,110,0,1,1,0,0,0,1,1,1,1,0,270541
488,4,8,4,1200,49,3,1,0,0,0,1,0,1,0,1,0,0,1969
500,3,7,3,375000,70,68,1,1,0,0,1,0,1,1,1,1,0,559013
510,3,5,3,285000,55,244,1,0,0,0,1,0,1,1,1,1,0,415176
513,3,5,4,102000,60,100,1,0,0,0,1,0,1,1,1,0,0,140698
578,2,3,2,48500,40,54,1,0,0,0,1,0,1,1,1,0,0,39655
591,3,5,3,62000,50,38,1,0,0,0,1,0,1,0,1,1,1,21199
596,2,4,1,86000,60,26,0,1,0,0,0,0,1,1,1,0,0,72377
599,1,1,2,124000,86,55,0,1,1,0,0,0,1,1,1,1,1,159805
604,1,2,2,84000,9,125,1,0,0,0,1,0,1,0,1,1,0,72244
615,4,8,2,162000,60,102,1,0,0,0,1,0,1,1,1,0,0,153605
620,2,3,3,144000,40,40,1,0,0,0,1,0,1,0,0,1,1,182283
647,1,2,3,98000,50,65,1,1,0,0,0,0,1,1,1,1,0,102594
653,1,2,1,200001,80,75,1,0,0,0,1,0,1,1,1,1,0,193585
716,3,5,3,65000,50,60,1,1,0,0,1,0,1,1,1,1,0,72070
736,2,3,2,49500,45,17,1,0,0,0,1,1,1,1,1,0,0,49369
743,4,8,2,61000,60,45,1,0,0,0,1,0,1,1,0,0,0,70439
746,1,2,3,325000,100,100,1,1,0,1,1,0,1,1,1,1,1,702955
751,3,5,3,21000,72,15,1,0,0,0,1,0,1,1,0,0,0,34796
756,3,7,5,90000,40,70,1,0,0,0,0,0,1,0,1,0,0,48087
763,2,4,1,168000,85,110,1,1,0,0,1,0,1,1,1,0,0,175111
765,3,6,4,68000,50,52,1,0,0,0,0,0,1,1,0,0,0,73141
768,1,1,2,92000,50,75,1,0,0,0,1,1,1,1,1,0,0,174497
784,3,7,5,166000,60,100,1,0,0,0,1,0,1,1,1,0,0,155723
788,1,2,2,47500,45,47,0,1,1,0,0,0,1,1,0,1,0,71043
790,3,6,4,152000,40,40,1,0,0,0,0,0,1,1,1,1,0,294863
817,1,2,3,70000,40,58,1,0,0,0,0,1,1,1,1,1,0,89190
825,3,5,4,114000,50,85,1,0,0,0,1,1,1,1,1,1,1,138691
839,4,9,3,158000,42,70,1,0,0,0,1,1,1,1,1,1,0,63247
910,3,5,3,172000,50,55,1,0,0,0,1,0,1,1,1,1,1,138908
914,1,2,7,87000,70,75,0,0,0,0,0,0,1,1,1,1,1,119685
958,3,5,3,200001,40,125,1,0,1,0,1,0,1,1,0,1,0,216962
974,1,2,3,250000,40,175,1,0,0,0,1,1,1,1,1,0,0,215734
976,2,4,3,78000,50,44,1,0,0,0,1,0,1,0,0,1,0,98368
985,1,2,2,24500,105,7,1,0,0,0,1,0,1,0,1,0,0,32581
1000,4,8,3,45500,60,50,1,0,0,0,0,0,1,0,1,0,0,21961
1009,4,9,3,250000,35,120,1,0,0,1,0,0,1,0,1,1,1,198855
1015,1,2,7,120000,83,140,1,0,0,0,1,0,1,1,1,1,1,145000
1024,2,3,2,50000,45,30,1,0,0,0,1,0,1,1,1,0,0,46955
1045,3,5,4,93000,60,55,1,0,0,0,1,0,1,1,1,0,0,62526
1049,1,2,3,170000,35,100,1,0,0,1,1,1,1,1,1,1,0,153402
1052,2,3,2,126000,68,125,1,0,0,0,1,0,1,1,1,0,0,157570
1060,4,9,3,245000,35,85,1,0,0,0,1,0,1,0,1,1,1,136573
1065,2,4,2,34000,64,26,1,0,0,0,1,0,1,1,1,0,0,28409
1066,1,2,7,245000,168,250,1,1,0,0,1,0,1,1,1,1,0,421051
1070,2,3,3,58000,60,50,1,0,0,0,1,0,1,1,1,0,0,57271
1079,1,2,3,102000,50,300,1,1,0,0,1,0,1,0,1,1,0,142035
1092,4,8,2,44000,60,48,1,0,0,1,1,0,0,0,1,0,0,43023
1095,1,2,2,108000,45,117,1,1,0,0,1,0,1,1,1,1,0,133854
1111,2,3,1,120000,60,75,1,0,0,0,1,0,1,1,1,1,0,99583
1113,4,8,2,66000,45,44,1,0,0,0,1,0,1,1,1,0,0,42636
1118,3,5,3,188000,50,100,1,0,0,0,1,0,1,1,1,0,0,286227
1122,3,5,3,205000,72,167,1,0,0,0,1,0,1,1,0,0,0,169459
1143,1,2,2,240000,50,504,1,0,0,0,1,0,1,1,1,1,0,212264
1147,3,6,4,265000,50,125,1,0,0,1,1,0,1,1,1,1,0,267598
1148,2,3,2,420000,55,200,1,0,0,0,1,0,1,1,1,1,1,351068
1150,2,3,7,23000,60,6,1,0,0,0,0,0,1,1,0,1,0,23911
1154,4,8,2,280000,50,135,1,0,0,0,0,1,1,1,1,1,0,315365
1155,3,7,5,37000,50,26,1,0,0,0,1,0,1,0,1,1,1,22119
1163,1,2,3,130000,50,120,0,1,0,0,0,0,1,1,1,1,0,202437
1168,1,1,2,82000,45,85,1,1,0,0,1,0,1,1,1,1,1,144181
1178,1,2,3,120000,86,80,1,1,0,0,1,0,1,1,1,1,0,125396
1193,3,7,5,83000,56,80,1,0,0,0,0,0,1,0,1,0,0,69500
1202,4,8,5,12750,43,32,1,0,0,0,0,0,0,0,1,0,0,10003
1204,1,2,2,150000,90,76,0,1,1,0,0,0,1,1,1,1,0,149210
1254,4,9,4,100000,40,30,0,1,0,0,0,0,1,1,1,1,0,115920
1261,1,2,3,420000,80,300,1,1,0,0,0,0,1,1,1,1,0,432467
1280,3,5,3,11750,40,75,1,0,0,0,0,1,1,0,1,0,0,22795
1284,2,3,2,36500,60,25,1,0,0,0,1,0,1,1,1,1,0,35449
1320,3,5,3,69000,75,46,1,0,0,0,1,0,1,1,0,1,0,32619
1357,2,4,1,78000,80,50,1,1,0,0,1,0,1,1,1,1,0,95796
1369,2,3,1,600000,112,350,1,0,0,1,1,0,1,0,1,1,0,584744
1370,3,7,5,325000,45,100,1,0,0,0,0,0,1,0,0,0,0,167226
1424,4,8,4,110000,50,75,1,0,0,0,0,0,1,1,1,1,0,66085
1427,3,5,4,64000,40,40,1,0,0,0,1,0,1,1,1,1,0,57231
1432,1,2,3,142000,40,107,1,0,0,1,1,1,1,1,1,0,0,128611
1436,2,4,1,210000,75,150,1,0,0,0,1,0,1,1,0,1,0,238435
1442,3,5,4,94000,50,85,1,0,0,0,1,1,1,1,1,0,0,61689
1458,2,3,2,68000,60,40,1,0,0,0,1,0,1,1,1,0,1,91151
1466,1,2,3,176000,60,130,1,0,0,1,1,0,1,1,1,0,0,233936
1468,1,1,2,225000,80,200,1,1,0,1,1,0,1,1,1,1,1,423550
1475,1,2,3,148000,80,200,1,0,0,0,1,0,1,1,1,0,0,98027
1478,2,4,3,132000,55,30,1,0,0,0,1,0,1,0,1,1,0,302837
1487,2,4,2,77000,60,85,1,1,0,0,1,0,1,1,1,1,0,113119
1493,2,4,1,350000,60,100,1,1,0,0,1,0,1,1,1,1,0,332497
1504,4,8,2,106000,50,50,1,0,0,0,1,0,1,1,0,1,0,74478
1516,3,7,5,130000,50,65,1,0,0,0,0,0,1,0,1,0,0,142274
1548,2,4,2,150000,40,118,1,0,0,0,1,0,0,0,1,1,0,150753
1563,1,2,3,154000,70,130,1,1,0,0,1,0,1,1,1,1,0,188858
1587,4,8,2,136000,60,109,1,0,0,0,1,0,1,1,1,1,0,161077
1590,3,6,4,200001,45,119,1,0,0,0,1,0,1,0,1,0,0,155863
1603,2,4,1,136000,50,140,1,0,0,0,1,0,1,1,0,1,0,131286
1608,2,4,2,89000,70,100,1,0,0,0,1,0,1,1,1,1,0,108644
1612,1,2,3,116000,45,60,1,0,0,0,1,0,1,0,1,1,0,127877
1628,1,2,3,95000,48,60,1,0,0,0,1,1,1,0,1,0,0,82943
1644,2,3,2,60000,37,60,1,1,0,0,1,0,1,1,1,1,0,68436
1656,3,5,3,72000,40,165,1,0,0,0,1,0,1,0,1,1,0,80141
1677,3,5,3,180000,40,300,1,1,0,0,1,0,1,1,0,1,0,211734
1679,4,9,3,38000,70,19,1,0,0,0,1,0,1,0,1,1,0,18800
1689,2,3,2,79000,46,10,1,0,0,0,1,0,1,1,1,1,0,44555
1690,1,2,3,225000,70,135,1,0,0,0,1,1,1,1,1,1,0,171094
1694,3,7,5,74000,43,58,1,0,0,1,1,0,1,0,1,1,0,67931
1697,3,5,3,102000,35,100,0,1,1,0,0,0,1,1,1,0,0,117546
1698,1,2,2,210000,88,40,1,1,0,0,1,1,1,1,1,1,0,258709
1730,3,5,3,24750,50,15,0,0,0,0,0,0,1,0,1,0,0,44829
1748,1,2,3,295000,45,125,1,1,1,0,1,0,1,1,1,0,0,460087
1757,3,6,3,53000,60,100,0,0,0,0,0,0,1,1,1,1,0,51608
1764,3,7,5,60000,63,51,1,0,0,0,0,0,1,0,1,0,0,45091
1770,1,2,3,91000,66,75,1,1,0,0,0,0,1,1,1,1,0,94783
1771,1,2,3,260000,70,350,1,1,0,0,0,0,1,1,1,0,0,481428
1772,1,1,2,182000,60,504,1,0,0,1,1,1,1,1,0,1,0,188793
1781,3,5,3,91000,60,80,1,0,0,0,1,0,1,1,1,0,0,85804
1792,4,9,4,88000,60,40,1,0,0,0,1,0,1,1,1,0,0,62765
1824,1,2,2,130000,58,109,1,0,0,0,1,1,1,1,1,1,0,149546
1834,2,4,1,194000,50,90,1,1,0,0,1,1,1,1,1,0,0,184140
1852,2,3,2,152000,75,85,1,0,0,0,1,0,1,1,1,0,0,131352
1859,3,5,3,87000,50,75,1,1,0,0,1,0,1,1,1,1,0,114235
1878,3,7,5,285000,65,110,1,0,0,0,1,0,1,1,0,1,0,292109
1899,1,2,3,99000,40,44,1,1,0,0,1,0,1,1,1,0,0,80096
1901,3,5,4,4500,60,12,0,0,0,0,0,0,1,0,1,0,0,7542
1911,1,2,3,130000,40,67,1,1,0,0,1,0,1,1,1,0,0,100671
1933,2,3,3,120000,73,65,1,0,0,0,1,1,1,1,1,1,0,232074
1934,1,2,2,72000,8,50,1,1,0,0,1,0,1,1,1,1,0,53893
1952,1,2,3,134000,50,50,1,0,0,1,1,0,1,1,1,1,0,144229
1954,1,2,3,97000,60,97,1,0,0,0,1,1,1,1,1,1,0,118702
1968,2,3,3,265000,58,147,1,0,0,0,1,0,1,0,1,0,0,147616
1973,2,3,2,250000,96,130,1,1,0,0,1,0,1,1,1,1,1,149563
1982,2,3,2,57000,58,68,1,0,0,0,1,0,1,1,0,0,0,47384
2014,3,5,3,350000,60,160,1,0,0,0,1,0,1,1,1,0,0,414089
2031,1,2,3,164000,100,125,1,1,0,0,1,0,1,0,1,1,0,355745
2032,2,3,3,140000,50,60,1,0,0,0,1,0,1,1,1,1,0,145120
2044,1,2,3,405000,60,238,1,0,0,0,1,0,1,1,1,1,1,441563
2048,3,5,3,215000,45,110,1,0,0,0,0,1,1,1,1,1,0,284674
2052,2,3,2,144000,97,100,1,0,0,0,1,0,1,0,0,1,1,147536
2054,1,2,3,182000,84,130,1,1,0,0,0,0,1,1,1,1,0,180950
2055,1,1,2,160000,64,135,1,0,0,1,1,0,1,1,1,1,0,243378
2073,3,7,5,365000,68,300,1,0,0,0,1,0,1,1,1,1,1,431738
2088,4,9,5,8800,60,2,0,0,0,0,0,0,1,0,1,0,0,9121
2131,1,2,2,174000,90,60,1,0,0,0,1,1,1,1,1,0,0,149725
2132,2,3,2,900000,96,550,1,0,0,1,1,1,1,1,1,1,0,672140
2136,3,7,5,94000,45,75,1,0,0,0,1,0,1,1,1,0,0,162990
2142,3,5,5,124000,60,40,0,0,1,0,0,0,1,1,1,1,0,83384
2148,2,4,3,37000,60,27,1,0,0,0,0,0,0,0,1,0,0,20105
2151,1,2,3,44000,50,100,1,1,0,0,1,0,1,1,1,0,0,58965
2165,2,3,2,59000,77,40,1,0,0,0,1,0,1,1,0,1,1,40864
2176,1,2,2,300000,75,175,1,0,0,0,1,0,1,1,1,1,1,273999
2191,3,6,4,4100,35,9,0,0,0,0,0,0,1,1,0,0,0,4523
2219,3,5,4,1250,60,5,1,0,0,0,1,0,0,0,1,0,0,3314
2249,3,5,4,108000,40,70,1,1,0,0,1,0,1,1,1,0,1,100823
2254,4,9,2,41500,40,17,0,0,0,0,0,0,1,1,1,0,0,25569
2261,1,2,3,80000,45,100,1,1,0,0,1,0,1,1,1,1,0,67324
2309,2,3,2,250000,108,150,1,0,0,0,1,1,1,0,1,1,0,198253
2310,3,5,3,150000,73,40,1,1,0,0,0,0,1,0,1,0,0,149900
2340,2,3,3,215000,40,246,1,0,0,0,1,1,1,1,1,1,0,290933
2344,1,2,3,57000,40,63,1,1,0,0,0,0,1,1,1,0,0,60328
2378,4,8,2,240000,102,145,1,0,0,1,1,0,1,1,1,0,0,287125
2386,4,9,3,158000,80,75,1,0,0,0,1,0,1,0,1,1,0,120064
2397,2,3,2,40500,45,55,1,0,0,0,1,0,1,1,1,1,0,75414
2413,1,2,3,80000,66,100,1,1,0,0,0,0,1,1,0,1,0,79585
2433,2,3,2,300000,100,156,1,0,0,0,1,1,1,1,0,0,0,364329
2449,1,2,3,500001,98,250,1,0,0,0,0,1,1,1,1,1,0,1039518
2452,2,4,1,56000,60,50,1,0,0,0,1,0,1,0,1,0,0,58905
2460,3,7,5,156000,50,105,1,0,0,0,1,0,1,0,1,1,1,116475
2470,2,4,3,86000,50,40,1,0,0,0,1,0,1,0,1,0,0,98088
2473,2,3,3,2400,60,7,0,0,0,0,0,0,1,0,0,1,0,4467
2489,3,7,5,63000,60,40,0,0,0,0,0,0,1,0,1,0,0,42537
2498,1,1,2,110000,38,102,1,0,0,0,1,0,1,1,0,1,0,82455
2505,1,2,2,250000,96,100,0,1,1,1,0,0,1,1,1,0,0,391516
2524,2,4,3,150000,40,90,1,0,0,1,1,0,1,1,0,1,1,193362
2532,2,3,2,22000,45,5,1,0,0,0,1,0,1,0,1,1,0,18351
2535,2,3,3,35500,55,52,1,0,0,0,0,0,1,1,1,1,0,47720
2553,3,7,5,87000,60,75,1,0,0,0,0,0,1,1,1,1,0,46554
2557,4,8,5,104000,45,96,1,0,0,0,0,0,1,1,1,0,0,158938
2572,3,5,4,70000,60,100,1,0,0,0,1,1,1,1,1,1,0,73491
2585,2,4,3,295000,55,60,1,0,0,0,1,0,1,1,1,1,1,369249
2586,2,4,3,305000,50,150,0,0,0,1,0,0,1,0,1,1,0,314505
2613,4,8,3,63000,40,53,1,0,0,0,1,0,1,1,1,1,0,59551
2618,3,5,4,425000,75,246,1,0,0,0,1,1,1,1,1,0,0,160202
2622,3,7,4,8800,40,6,1,0,0,0,0,0,1,0,0,0,0,11189
2639,3,5,4,150000,55,84,0,0,1,0,0,0,1,1,1,1,0,111566
2643,3,7,3,156000,60,90,1,0,0,0,1,1,1,1,1,0,0,153990
2649,4,8,4,67000,50,40,1,0,0,0,1,0,1,0,0,1,0,37842
2650,3,5,4,340000,112,140,1,0,0,0,1,0,1,0,1,1,0,147593
2657,3,7,3,65000,40,75,1,0,0,0,1,1,1,1,0,1,0,58527
2691,4,8,2,58000,60,60,1,0,0,0,0,0,1,0,1,1,0,58957
2722,1,2,3,152000,55,121,1,1,0,0,1,0,1,0,1,0,0,120517
2723,1,2,2,102000,91,250,1,0,0,0,1,1,1,0,1,1,0,269450
2774,2,4,1,305000,83,130,1,0,0,0,1,1,1,1,0,1,1,289272
2783,3,7,5,84000,84,50,0,1,0,0,0,0,1,1,1,1,0,104948
2796,2,3,2,64000,40,54,1,0,0,0,1,0,1,1,0,1,0,64533
2818,1,1,2,75000,75,100,1,0,0,1,1,0,1,1,1,1,0,96395
2829,2,4,1,265000,90,100,1,1,0,1,1,0,1,1,1,1,0,274812
2830,3,7,4,80000,50,45,1,0,0,0,1,0,1,1,1,1,0,50811
2848,4,8,5,78000,55,50,0,0,0,0,0,0,0,1,1,0,0,34199
2858,2,3,1,158000,60,125,1,0,0,0,1,1,1,1,1,1,0,183440
2859,3,7,5,1500,55,4,0,0,0,0,0,0,1,0,1,1,0,1788
2864,1,2,3,33000,55,50,1,1,0,0,0,0,1,1,1,1,0,52806
2869,3,5,4,87000,40,80,1,0,0,0,0,0,1,1,1,0,0,114340
2885,3,5,7,8800,40,6,0,0,0,0,0,0,1,0,1,1,0,10796
2906,2,3,1,122000,108,85,1,0,0,0,1,0,1,1,1,1,0,124356
2926,3,5,4,250000,60,100,1,0,0,0,0,1,1,1,1,1,1,276478
2931,1,2,3,68000,50,87,1,0,0,1,1,0,1,0,1,1,0,94119
2954,4,8,2,140000,45,35,1,1,0,0,1,0,1,1,1,0,0,112265
2977,2,4,2,61000,40,52,1,0,0,0,0,0,0,0,0,1,1,111962
2982,2,3,2,8800,60,6,1,0,0,0,1,1,1,0,1,0,0,9179
3012,2,4,2,4000,60,9,0,0,1,0,0,0,1,0,1,0,0,3463
3014,2,4,1,225000,84,300,1,1,0,1,1,0,1,1,1,1,1,298729
3023,3,6,7,40000,90,25,1,0,0,0,1,0,1,0,1,0,0,69234
3039,1,2,3,102000,40,80,1,0,0,0,1,1,1,1,1,0,0,100244
3066,3,7,5,455000,73,222,1,0,0,0,1,0,1,1,1,1,0,569412
3085,3,7,5,68000,40,75,1,0,0,0,1,0,1,1,1,0,0,25340
3087,3,7,5,114000,55,76,1,0,0,0,1,0,1,1,1,1,1,82870
3103,3,5,5,280000,70,150,1,1,1,0,0,0,1,1,1,1,0,408669
3111,1,2,1,85000,50,58,1,0,0,0,1,0,1,1,0,1,0,106520
3124,1,1,2,250000,90,130,0,1,1,1,0,0,1,1,1,1,0,315237
3127,1,2,3,98000,70,100,1,1,0,0,0,0,1,0,1,1,0,222056
3133,4,8,2,210000,60,130,1,0,0,1,1,0,1,0,1,0,0,164123
3135,2,3,1,205000,60,100,1,0,0,0,1,0,1,1,1,1,1,145532
3160,2,3,1,300000,60,90,1,0,0,1,1,1,1,1,1,1,0,155082
3162,3,5,5,91000,100,50,0,0,1,0,0,0,1,1,1,0,0,130491
3166,2,3,3,59000,40,25,1,0,0,0,1,0,1,1,1,1,1,69483
3197,3,7,5,170000,60,200,1,0,0,0,1,1,1,1,0,1,1,138869
3223,2,3,1,190000,84,200,1,0,0,0,1,0,1,1,1,1,1,114047
3270,4,8,4,69000,60,45,1,0,0,0,1,0,1,0,1,1,0,24272
3275,2,3,2,255000,80,200,1,0,0,0,1,0,1,1,1,1,0,280080
3296,4,9,2,96000,40,50,1,0,0,0,1,1,1,0,1,1,0,74192
3308,2,3,7,285000,88,130,1,0,0,0,0,0,1,1,1,1,1,486185
3317,4,9,7,210000,45,30,1,0,0,0,1,1,1,1,1,1,0,117528
3324,1,1,2,83000,40,61,1,0,0,0,1,0,1,1,1,0,1,73768
3330,1,2,3,172000,65,100,1,0,0,1,1,0,1,1,1,1,0,368957
3331,1,2,3,75000,55,61,1,0,0,0,1,0,1,0,1,1,0,89131
3335,2,4,1,110000,65,50,0,1,0,0,0,0,1,0,1,1,0,109734
3357,3,5,4,35500,68,19,1,0,0,0,0,0,1,0,1,1,0,56048
3365,4,8,2,116000,55,50,1,0,0,0,1,1,1,1,1,0,0,143175
3372,3,5,4,150000,60,100,1,0,0,0,0,1,1,1,1,0,0,113295
3395,2,4,1,470000,90,200,1,1,0,0,1,0,1,1,1,1,1,350717
3414,3,5,7,97000,168,80,1,0,0,0,0,0,1,0,1,0,1,271287
3417,2,3,1,24500,40,6,1,0,0,0,1,0,1,1,0,1,0,19250
3419,2,3,2,490000,100,100,1,0,0,0,1,0,1,1,1,1,0,441106
3447,1,1,2,80000,50,75,1,0,0,0,1,0,1,1,0,1,1,97697
3454,2,3,2,350000,75,150,1,1,0,0,1,0,1,1,1,1,0,294667
3481,1,2,3,55000,40,30,1,0,0,0,1,0,1,0,1,1,0,46181
3490,2,3,2,410000,84,314,1,0,0,0,1,1,1,1,1,1,0,512398
3493,2,3,2,43500,60,35,1,0,0,0,1,0,1,1,0,0,0,39537
3494,2,3,2,126000,45,103,1,1,0,0,0,0,1,1,1,1,0,161260
3497,2,4,2,62000,50,25,1,0,0,0,0,0,1,0,0,0,0,42006
3498,1,1,1,150000,80,75,0,1,1,0,0,0,1,1,1,1,0,201011
3516,2,3,2,205000,50,314,1,0,0,0,1,1,1,1,1,1,0,242026
3521,3,7,3,150000,40,120,1,0,0,0,1,0,1,1,0,1,0,64335
3532,3,6,4,53000,45,40,1,0,0,0,1,0,1,1,1,0,0,57593
3552,2,3,1,355000,96,160,1,0,0,0,1,1,1,1,1,1,0,389918
3580,2,3,3,106000,50,55,1,0,0,0,0,0,1,1,0,1,0,147447
3594,1,2,3,156000,84,150,1,1,0,0,0,0,1,1,1,1,0,145735
3599,2,4,1,100000,60,35,1,1,1,0,1,0,1,1,1,1,1,156714
3603,2,3,1,54000,90,56,1,0,0,0,1,0,1,1,1,0,0,46954
3622,3,5,5,132000,40,55,0,1,0,0,0,0,1,1,1,0,0,117511
3625,4,8,4,235000,45,80,1,0,0,0,1,0,1,1,1,0,0,195006
3657,3,7,5,110000,40,70,1,0,1,0,1,0,1,1,1,0,0,59420
3670,1,2,3,116000,55,200,1,0,0,0,1,1,1,1,1,0,0,133266
3679,1,2,3,102000,55,78,0,1,0,0,0,0,1,1,1,0,1,74901
3701,2,3,2,230000,80,85,1,0,0,0,1,0,1,0,1,1,0,247342
3715,2,4,1,41000,60,30,1,0,0,0,1,0,1,1,1,1,1,37422
3727,2,4,2,110000,60,65,1,0,0,0,0,1,1,1,1,1,1,99800
3740,1,2,2,285000,60,183,1,0,0,0,1,0,1,0,0,1,0,232361
3756,3,7,5,75000,40,86,1,0,0,0,1,0,1,1,1,0,0,55412
3758,2,4,3,69000,55,50,0,0,0,0,0,0,1,1,1,1,0,72405
3767,3,5,4,20000,60,23,0,0,0,0,0,0,1,0,1,0,0,9090
3772,1,2,2,235000,55,90,1,0,0,0,1,1,1,1,1,1,1,195582
3776,2,4,1,69000,70,18,0,1,1,0,0,0,1,1,1,1,0,75555
3784,3,7,4,61000,45,28,1,0,1,0,1,0,1,1,0,1,0,47055
3787,3,5,4,300000,50,170,1,0,0,0,1,0,1,1,1,1,1,159569
3855,1,2,3,34000,14,40,1,0,0,0,1,0,1,0,1,0,0,42086
3862,3,5,5,160000,83,65,0,0,1,0,0,0,1,1,1,0,0,177834
3896,2,3,2,60000,45,49,1,0,0,0,1,0,1,1,1,0,0,47919
3909,2,3,2,235000,77,85,1,0,0,0,1,1,1,1,1,0,0,337162
3976,3,6,4,265000,50,110,1,0,0,0,1,0,1,1,1,1,0,194457
3983,3,5,3,178000,55,135,1,0,0,0,1,1,1,1,1,0,0,256915
4015,4,8,4,122000,50,80,1,0,0,0,0,0,1,1,1,1,0,66085
4033,3,5,3,86000,55,70,1,0,0,0,1,1,1,1,1,0,0,85415
4037,2,3,2,176000,84,100,1,0,0,0,1,1,1,1,0,1,0,238640
4044,1,1,2,182000,75,200,0,1,0,0,0,0,1,1,1,1,0,308002
4055,2,3,1,100000,50,50,1,0,0,0,1,1,1,1,1,1,0,92932
4059,3,7,3,37000,50,39,1,0,0,0,1,0,1,1,1,1,0,31266
4075,2,4,3,11500,35,6,1,0,0,0,1,0,1,0,1,0,0,10609
4110,2,3,7,210000,45,75,0,0,0,0,0,0,1,0,0,1,1,174260
4121,3,7,4,350000,50,110,1,0,0,0,1,1,1,1,1,1,0,144699
4148,2,4,3,57000,56,28,1,0,0,0,0,0,1,1,1,1,0,62820
4187,1,2,1,174000,40,82,1,0,0,0,1,1,1,1,1,1,0,274788
4191,2,3,2,275000,45,246,1,0,0,0,1,1,1,1,1,1,1,185177
4202,3,5,3,350000,60,150,1,0,0,0,0,1,1,1,1,1,0,164402
4208,3,5,3,1600,60,6,0,0,0,0,0,0,0,0,0,0,0,3483
4241,1,2,2,100000,50,46,1,1,0,0,1,0,1,1,1,0,0,144802
4250,1,2,2,196000,83,140,1,0,0,0,1,1,1,1,1,1,0,321503
4301,3,7,5,186000,45,125,0,0,1,0,0,0,1,0,1,0,0,63786
4339,4,9,4,134000,60,30,1,0,0,0,1,0,1,1,1,1,0,193061
4359,2,4,2,30000,50,25,1,0,0,0,1,0,1,0,1,1,1,19406
4398,1,2,2,140000,70,60,1,0,0,0,1,0,1,1,1,1,0,176364
4429,1,1,7,152000,77,85,1,1,0,0,0,0,1,0,0,1,0,309958
4436,1,1,2,44500,40,44,1,0,0,0,1,0,1,1,1,0,0,46304
4446,3,7,5,69000,80,40,0,0,0,0,0,0,1,0,0,0,0,39719
4450,2,4,1,370000,104,110,1,1,0,0,1,0,1,1,1,0,0,427138
4472,3,5,3,160000,72,150,1,0,0,0,1,0,1,1,0,0,0,249105
4481,2,3,2,360000,106,300,1,1,0,0,1,0,1,1,1,1,0,461421
4484,2,3,2,65000,60,40,1,0,0,0,1,1,1,1,0,1,0,72038
4495,2,4,1,275000,100,100,1,1,0,0,1,0,1,1,1,1,1,293944
4520,1,1,2,150000,45,60,1,1,0,0,1,0,1,1,1,1,0,140722
4551,2,3,2,260000,60,50,1,0,0,0,1,0,0,1,1,1,1,188751
4561,2,3,2,340000,98,135,1,1,0,0,1,1,1,1,0,1,0,403325
4562,3,7,4,250000,40,300,1,0,0,0,1,0,1,1,0,0,0,221487
4601,2,3,2,77000,50,60,1,0,0,0,1,0,1,1,1,1,0,59379
4603,1,2,3,108000,66,80,1,1,0,0,1,0,1,1,1,1,0,170880
4607,1,2,2,138000,30,40,1,0,0,0,1,1,0,1,0,0,0,100494
4620,3,5,3,235000,78,130,1,0,0,0,1,0,1,1,1,0,0,234994
4637,1,2,3,138000,110,300,1,1,1,0,0,0,1,1,0,1,0,101975
4646,2,3,7,1800000,88,400,1,0,0,1,0,1,1,1,1,1,1,1282531
4651,3,5,7,37500,75,53,0,0,0,0,0,0,1,0,1,1,0,104307
4671,1,2,2,600000,65,200,1,0,0,0,1,1,1,1,1,1,0,218961
4684,3,5,4,128000,50,98,1,0,0,0,1,1,1,1,1,1,1,127575
4695,3,5,4,220000,60,153,1,1,0,0,0,0,1,1,1,1,0,192218
4704,1,1,2,160000,11,125,1,0,0,0,1,0,1,1,0,0,0,154227
4706,3,6,3,73000,40,75,1,0,0,0,0,0,1,1,1,0,0,136850
4709,3,6,4,178000,55,75,0,1,0,0,0,0,1,0,1,1,0,191044
4730,3,5,5,110000,50,90,0,0,0,0,0,0,1,1,1,0,0,31691
4740,2,3,2,300000,60,108,1,0,0,0,1,0,1,1,1,1,1,379722
4743,1,2,2,110000,35,100,1,0,0,0,1,0,1,1,1,1,0,79422
4764,3,5,3,150000,80,105,1,0,0,0,1,0,1,1,0,1,1,106520
4777,2,4,2,340000,75,180,1,0,0,0,1,0,1,1,1,1,0,515552
4817,3,5,3,126000,40,125,1,1,1,1,0,1,1,1,1,1,0,217477
4823,2,4,3,152000,60,75,1,0,0,0,0,0,1,1,0,1,0,189753
4828,3,7,5,150000,65,120,0,1,0,0,0,0,1,1,0,1,0,180508
4844,3,5,4,425000,80,125,1,0,0,0,1,1,1,1,1,1,1,780897
4854,3,5,3,132000,50,135,1,1,0,0,1,0,1,1,1,1,0,127276
4859,1,1,1,15000,50,20,0,1,0,0,0,0,1,1,1,0,0,32204
4878,3,5,3,152000,50,120,1,1,0,0,1,0,1,1,1,1,0,216720
4886,3,5,3,380000,60,200,1,0,0,1,1,0,1,1,1,1,0,493841
4902,2,4,3,54000,40,46,1,0,0,0,1,0,1,1,1,0,0,69142
4907,3,5,4,285000,60,100,1,0,0,0,0,1,1,1,1,1,1,294412
4924,3,7,5,84000,40,75,0,0,1,0,0,0,1,1,0,0,0,40155
4945,3,5,5,7500,40,8,0,0,0,0,0,0,1,1,1,1,0,11223
4979,2,3,3,12500,30,30,1,0,0,0,1,0,0,1,1,0,0,15922
4992,2,4,1,340000,84,172,1,1,0,0,1,0,1,1,1,1,0,278740
5003,2,3,3,100000,60,60,1,0,0,0,1,0,1,0,0,1,0,187340
5030,2,4,1,5000,4,3,0,0,1,0,0,0,0,0,1,0,0,2357
5033,4,9,3,55000,50,20,1,0,0,0,1,0,1,1,1,1,0,18000
5060,2,3,2,215000,100,135,1,0,1,0,1,1,1,1,1,1,1,260602
5065,3,5,5,58000,60,125,0,0,1,0,0,0,1,1,1,1,0,53196
5086,1,2,2,166000,50,90,1,0,0,0,1,1,1,1,1,1,0,118513
5108,3,5,4,340000,40,135,1,0,0,0,1,1,1,1,1,0,0,237897
5111,2,3,2,315000,80,241,1,0,0,0,1,1,1,1,1,1,0,308312
5127,2,3,3,1600,24,4,1,0,0,0,1,0,1,0,1,0,0,1340
5134,2,3,2,210000,75,119,1,0,0,0,1,1,1,1,1,0,0,176747
5141,3,5,3,27500,40,25,1,0,0,0,1,0,1,1,1,0,0,83142
5157,3,5,3,178000,60,122,1,0,0,0,1,0,1,1,1,0,0,182377
5164,3,5,4,20000,45,9,0,0,1,0,0,0,1,1,1,0,0,23215
5167,3,5,3,100001,55,70,1,1,0,1,1,0,1,1,0,0,0,131678
5188,4,9,2,205000,48,60,1,0,0,0,1,1,1,0,1,1,1,175074
5270,1,1,2,210000,100,200,1,0,0,0,1,1,1,0,0,0,0,227552
5299,4,9,4,47000,40,62,0,0,0,0,0,0,1,0,1,0,0,28298
5324,3,5,3,158000,60,90,1,0,0,0,1,0,1,1,1,0,0,135038
5353,2,3,2,48000,50,30,1,0,0,0,1,0,1,1,1,1,0,32057
5360,2,3,2,110000,108,80,1,0,0,1,1,0,0,1,1,1,0,77919
5363,3,5,3,3000,40,12,0,0,1,0,0,0,1,0,1,0,0,5579
5365,2,3,2,78000,10,80,1,0,0,0,1,0,1,1,1,0,1,98785
5375,2,3,3,80000,38,75,1,1,0,0,1,0,1,1,1,1,0,140426
5379,1,1,2,230000,40,120,1,0,0,0,1,0,1,1,1,0,0,289772
5388,3,6,3,210000,60,100,1,0,0,0,0,0,1,1,0,0,0,147927
5393,3,5,3,83000,50,86,1,1,0,0,1,0,1,1,1,1,0,114328
5404,3,6,4,104000,48,15,1,0,0,0,1,0,1,1,1,1,0,137741
5419,3,5,7,49500,84,12,1,1,0,0,1,0,1,1,1,0,0,65881
5422,1,2,3,116000,78,121,1,1,0,0,1,0,1,1,1,1,0,120341
5425,2,4,1,215000,115,200,1,1,0,0,1,0,1,1,1,1,0,390217
5435,1,2,2,245000,63,110,1,0,0,0,1,0,1,0,1,1,0,209457
5453,3,7,4,77000,40,10,1,0,0,0,1,0,1,0,1,1,0,64998
5468,1,2,2,138000,80,30,1,0,0,0,1,1,1,1,1,1,0,161760
5484,3,5,3,128000,45,60,1,0,0,0,1,1,1,1,1,1,1,147201
5487,3,5,4,102000,60,82,0,1,0,0,0,0,1,1,1,0,1,105195
5513,2,4,1,230000,60,95,1,0,0,0,1,0,1,1,1,0,0,195688
5537,2,4,3,355000,60,230,1,0,0,0,1,0,1,0,0,1,0,372576
5555,3,7,5,122000,45,40,1,0,0,0,1,0,1,0,1,0,0,38813
5572,2,3,2,420000,50,300,1,0,0,0,1,0,1,1,1,1,0,392379
5585,2,3,2,335000,101,101,1,1,0,0,1,0,1,1,1,1,1,358873
5596,3,5,4,235000,50,108,1,0,0,0,1,0,1,1,1,1,1,210152
5597,1,2,3,156000,50,80,1,0,0,0,1,0,1,1,1,1,0,196150
5610,2,3,2,77000,65,53,1,0,0,0,1,1,1,1,0,1,1,72660
5617,2,3,1,310000,80,190,1,0,0,1,1,0,1,1,1,1,0,229716
5633,3,6,7,17500,66,14,1,0,0,0,1,0,1,0,1,0,0,29069
5643,1,2,3,89000,55,60,1,1,0,0,1,0,1,1,1,1,0,119744
5677,2,3,7,198000,75,40,1,1,0,0,0,1,1,0,1,1,1,246935
5683,2,3,3,108000,90,82,1,0,0,0,1,1,1,1,1,1,1,440393
5709,2,3,2,220000,40,100,1,1,0,0,1,0,1,1,1,1,0,202957
5712,2,4,1,235000,70,100,1,1,0,0,1,0,1,1,0,1,1,191903
5740,2,4,1,90000,50,50,0,1,0,0,0,0,1,1,1,0,0,75812
5777,1,2,3,180000,65,250,1,1,0,0,1,0,1,1,1,1,0,406914
5784,4,8,2,69000,50,60,1,0,0,0,0,0,1,1,1,0,0,75448
5809,2,3,2,700000,112,250,1,0,0,0,1,0,1,1,1,1,0,944777
5811,3,5,5,200001,40,246,0,0,0,0,0,0,1,1,0,0,0,305788
5814,3,5,3,79000,72,15,1,0,0,0,1,0,1,0,0,0,0,136199
5824,2,4,1,380000,106,230,1,1,0,0,1,0,1,1,1,1,0,478756
5928,1,2,2,17250,32,2,1,0,0,0,1,0,1,0,1,0,0,6970
5942,3,7,7,50000,68,20,1,0,0,0,1,0,1,0,0,1,0,40002
5953,1,1,3,330000,40,180,0,1,1,0,0,0,1,1,1,1,0,428136
5954,1,2,3,170000,80,200,1,0,0,1,1,1,1,1,1,1,0,289243
5969,2,3,2,176000,60,108,1,0,0,0,1,1,1,1,1,1,0,202416
5971,2,3,2,86000,75,45,1,0,0,0,1,0,1,1,0,1,0,79229
5978,2,3,2,198000,65,125,1,0,0,0,1,0,1,1,0,1,0,195850
5986,2,3,2,120000,55,35,1,0,0,0,1,0,1,1,1,1,0,85208
6000,4,9,7,9900,168,5,0,0,0,0,0,0,1,0,1,0,0,7474
6016,3,5,4,18000,55,50,0,0,0,0,0,0,1,1,1,0,0,17551
6018,3,7,5,160000,55,65,1,0,0,0,0,0,1,0,1,0,0,167308
6021,3,5,4,140000,52,65,1,0,0,0,1,1,1,1,1,1,1,95863
6033,2,3,2,150000,68,50,1,0,0,0,1,1,1,1,1,0,0,180154
6040,3,5,4,40000,100,32,1,0,0,0,1,0,1,0,1,1,0,62011
6050,1,2,3,134000,54,142,1,1,0,0,0,0,1,1,1,0,0,146146
6084,2,3,2,34000,43,35,1,0,0,0,1,0,1,1,1,0,0,23210
6137,3,5,3,58000,55,65,1,1,0,0,1,0,1,1,1,1,0,87981
6143,1,2,1,415000,80,300,1,0,0,0,1,1,1,1,1,1,0,276105
6159,4,9,4,48000,55,95,0,0,0,0,0,0,1,0,0,1,0,87921
6173,2,3,2,100000,45,60,1,0,0,0,1,0,1,0,1,0,0,47719
6175,3,6,3,56000,40,45,1,0,0,0,1,0,1,1,1,0,0,72812
6179,1,2,3,430000,60,195,1,1,0,1,1,0,1,1,1,1,1,571288
6180,3,7,5,62000,45,50,1,0,0,0,1,0,1,1,1,0,0,72683
6190,1,2,3,68000,61,60,0,1,0,0,0,0,1,1,1,1,0,105579
6193,1,1,1,69000,55,52,0,1,0,0,0,0,1,1,1,1,0,182566
6198,3,6,3,75000,75,150,1,0,0,0,0,0,1,1,1,1,0,88064
6217,3,7,5,146000,40,65,0,0,1,0,0,0,1,0,0,1,1,63851
6226,2,4,3,140000,60,35,1,0,0,1,1,0,1,0,1,1,0,71001
6241,4,8,1,75000,40,50,1,0,0,0,1,0,1,0,1,0,1,77721
6262,1,2,3,156000,88,120,1,1,0,0,0,0,1,1,0,1,0,171147
6301,1,2,3,140000,50,120,1,1,0,0,1,0,1,1,1,1,0,93480
6302,3,5,5,116000,50,99,0,0,1,0,0,0,1,1,1,1,1,125149
6322,1,2,3,45000,80,10,1,1,0,0,1,0,1,0,1,0,0,68797
6324,3,6,4,56000,50,28,1,0,0,0,1,0,1,1,1,1,0,81424
6359,2,3,2,285000,100,70,1,0,0,0,1,0,1,1,1,1,1,370647
6385,1,2,3,142000,45,107,1,0,0,0,1,0,1,1,1,1,1,192342
6390,1,2,3,97000,90,87,1,0,0,0,1,0,1,1,1,1,1,150304
6401,4,8,2,275000,60,200,1,0,0,1,1,0,1,1,1,0,0,237394
6423,2,4,2,126000,40,100,1,0,0,0,1,0,1,0,1,1,0,144486
6432,4,8,2,130000,60,75,1,0,0,1,1,0,0,0,1,0,0,97493
